category,avg_discount
ICECREAM,38.08318936295843
BUBBLE TEA,37.53102640822167
BREAKFAST,37.348462664714496
JAPANESE FOOD,38.21828119548785
SHABU,38.344620440709015
CAKE,37.77195249738037
STEAK,38.027670074021856
SEAFOOD,38.12952295229523
WESTERN FOOD,37.93014696550499
NOODLES,38.00615288351236
FAST FOOD,38.14694551458448
SOMTAM,38.09896591145292
DIMSUM,37.74552987352813
THAI FOOD,37.827958957090395
